{
    "sample_time": "2024-02-03 01:32:06",
    "accel_bias": [
        -0.39091806446533195,
        0.02518939566650394,
        0.5335406573608396
    ],
    "gyro_bias": [
        -0.07679954987489378,
        -0.011777375207465253,
        -0.02632729253202989
    ]
}