{
    "accel_bias": [
        0.45869551926269625,
        0.045872903808593775,
        0.10279265407714837
    ],
    "gyro_bias": [
        -0.06965808891570287,
        -0.020260075065879523,
        -0.02179543188267209
    ]
}